{"BDALTIV2_75M_FXX_0450_6675_MNT_LAMB93_IGN69.bin": {"counter_max": 1, "counter_min": 1, "h_max": 271.0, "h_min": -6.190000057220459}, "BDALTIV2_75M_FXX_0375_6675_MNT_LAMB93_IGN69.bin": {"counter_max": 2, "counter_min": 6, "h_max": 282.7900085449219, "h_min": -21.799999237060547}, "BDALTIV2_75M_FXX_0750_6525_MNT_LAMB93_IGN69.bin": {"counter_max": 1, "counter_min": 1, "h_max": 1627.800048828125, "h_min": 236.22000122070312}, "BDALTIV2_75M_FXX_0750_7050_MNT_LAMB93_IGN69.bin": {"counter_max": 1, "counter_min": 1, "h_max": 473.55999755859375, "h_min": -27.799999237060547}, "BDALTIV2_75M_FXX_0900_6450_MNT_LAMB93_IGN69.bin": {"counter_max": 1, "counter_min": 1, "h_max": 4067.590087890625, "h_min": 240.47000122070312}, "BDALTIV2_75M_FXX_0600_6750_MNT_LAMB93_IGN69.bin": {"counter_max": 1, "counter_min": 2, "h_max": 428.1000061035156, "h_min": 77.83999633789062}, "BDALTIV2_75M_FXX_0600_6975_MNT_LAMB93_IGN69.bin": {"counter_max": 2, "counter_min": 2, "h_max": 246.0, "h_min": 22.0}, "BDALTIV2_75M_FXX_0600_6375_MNT_LAMB93_IGN69.bin": {"counter_max": 1, "counter_min": 1, "h_max": 929.9000244140625, "h_min": 96.51000213623047}, "BDALTIV2_75M_FXX_0525_6675_MNT_LAMB93_IGN69.bin": {"counter_max": 1, "counter_min": 1, "h_max": 283.1000061035156, "h_min": 41.68000030517578}, "BDALTIV2_75M_FXX_1050_6900_MNT_LAMB93_IGN69.bin": {"counter_max": 1, "counter_min": 370, "h_max": 1157.5, "h_min": 102.0}, "BDALTIV2_75M_FXX_1050_6300_MNT_LAMB93_IGN69.bin": {"counter_max": 1, "counter_min": 1, "h_max": 43.43000030517578, "h_min": 1.2200000286102295}, "BDALTIV2_75M_FXX_0075_6825_MNT_LAMB93_IGN69.bin": {"counter_max": 1, "counter_min": 28, "h_max": 103.69999694824219, "h_min": -2.7899999618530273}, "BDALTIV2_75M_FXX_0750_6825_MNT_LAMB93_IGN69.bin": {"counter_max": 1, "counter_min": 1, "h_max": 366.2900085449219, "h_min": 67.62000274658203}, "BDALTIV2_75M_FXX_0750_6600_MNT_LAMB93_IGN69.bin": {"counter_max": 1, "counter_min": 1, "h_max": 1284.4000244140625, "h_min": 217.38999938964844}, "BDALTIV2_75M_FXX_0675_6675_MNT_LAMB93_IGN69.bin": {"counter_max": 3, "counter_min": 1, "h_max": 442.8900146484375, "h_min": 116.4000015258789}, "BDALTIV2_75M_FXX_0300_6375_MNT_LAMB93_IGN69.bin": {"counter_max": 1, "counter_min": 1, "h_max": 93.0199966430664, "h_min": -1.6299999952316284}, "BDALTIV2_75M_FXX_1200_6225_MNT_LAMB93_IGN69.bin": {"counter_max": 1, "counter_min": 1, "h_max": 2164.070068359375, "h_min": -0.8299999833106995}, "BDALTIV2_75M_FXX_0300_6975_MNT_LAMB93_IGN69.bin": {"counter_max": 1, "counter_min": 1, "h_max": 185.3000030517578, "h_min": -8.800000190734863}, "BDALTIV2_75M_FXX_0225_6900_MNT_LAMB93_IGN69.bin": {"counter_max": 1, "counter_min": 1, "h_max": 317.8999938964844, "h_min": -8.699999809265137}, "BDALTIV2_75M_FXX_0300_6750_MNT_LAMB93_IGN69.bin": {"counter_max": 1, "counter_min": 1, "h_max": 108.5, "h_min": -118.83999633789062}, "BDALTIV2_75M_FXX_0525_6150_MNT_LAMB93_IGN69.bin": {"counter_max": 1, "counter_min": 1, "h_max": 2514.300048828125, "h_min": 589.7999877929688}, "BDALTIV2_75M_FXX_0675_6150_MNT_LAMB93_IGN69.bin": {"counter_max": 1, "counter_min": 1, "h_max": 1442.800048828125, "h_min": -1.5299999713897705}, "BDALTIV2_75M_FXX_0300_6450_MNT_LAMB93_IGN69.bin": {"counter_max": 1, "counter_min": 1119, "h_max": 107.9000015258789, "h_min": -1.899999976158142}, "BDALTIV2_75M_FXX_0975_6675_MNT_LAMB93_IGN69.bin": {"counter_max": 1, "counter_min": 2518, "h_max": 2356.699951171875, "h_min": 370.0}, "BDALTIV2_75M_FXX_0825_6900_MNT_LAMB93_IGN69.bin": {"counter_max": 1, "counter_min": 1, "h_max": 425.70001220703125, "h_min": 102.83000183105469}, "BDALTIV2_75M_FXX_0900_6975_MNT_LAMB93_IGN69.bin": {"counter_max": 2, "counter_min": 221753, "h_max": 448.1000061035156, "h_min": 0.0}, "BDALTIV2_75M_FXX_0900_6750_MNT_LAMB93_IGN69.bin": {"counter_max": 1, "counter_min": 1, "h_max": 1002.7000122070312, "h_min": 189.6999969482422}, "BDALTIV2_75M_FXX_0900_6375_MNT_LAMB93_IGN69.bin": {"counter_max": 1, "counter_min": 1, "h_max": 2499.489990234375, "h_min": 269.2900085449219}, "BDALTIV2_75M_FXX_0825_6300_MNT_LAMB93_IGN69.bin": {"counter_max": 1, "counter_min": 606, "h_max": 675.97998046875, "h_min": -9.5600004196167}, "BDALTIV2_75M_FXX_0600_7125_MNT_LAMB93_IGN69.bin": {"counter_max": 2, "counter_min": 1, "h_max": 211.3000030517578, "h_min": -64.9000015258789}, "BDALTIV2_75M_FXX_0600_6450_MNT_LAMB93_IGN69.bin": {"counter_max": 1, "counter_min": 1, "h_max": 1765.75, "h_min": 118.2699966430664}, "BDALTIV2_75M_FXX_0300_6675_MNT_LAMB93_IGN69.bin": {"counter_max": 1, "counter_min": 1, "h_max": 107.80000305175781, "h_min": -55.0}, "BDALTIV2_75M_FXX_1200_6300_MNT_LAMB93_IGN69.bin": {"counter_max": 1, "counter_min": 1, "h_max": 604.1699829101562, "h_min": -0.6200000047683716}, "BDALTIV2_75M_FXX_0225_6825_MNT_LAMB93_IGN69.bin": {"counter_max": 1, "counter_min": 1, "h_max": 336.70001220703125, "h_min": -17.899999618530273}, "BDALTIV2_75M_FXX_0975_6450_MNT_LAMB93_IGN69.bin": {"counter_max": 1, "counter_min": 1, "h_max": 3816.300048828125, "h_min": 672.0999755859375}, "BDALTIV2_75M_FXX_0675_6750_MNT_LAMB93_IGN69.bin": {"counter_max": 1, "counter_min": 1, "h_max": 414.8900146484375, "h_min": 88.9800033569336}, "BDALTIV2_75M_FXX_0150_6750_MNT_LAMB93_IGN69.bin": {"counter_max": 1, "counter_min": 1, "h_max": 49.7400016784668, "h_min": -1.649999976158142}, "BDALTIV2_75M_FXX_0750_6900_MNT_LAMB93_IGN69.bin": {"counter_max": 1, "counter_min": 1, "h_max": 286.70001220703125, "h_min": 62.25}, "BDALTIV2_75M_FXX_0675_6975_MNT_LAMB93_IGN69.bin": {"counter_max": 1, "counter_min": 2, "h_max": 247.5, "h_min": 28.440000534057617}, "BDALTIV2_75M_FXX_0525_6375_MNT_LAMB93_IGN69.bin": {"counter_max": 1, "counter_min": 1, "h_max": 468.20001220703125, "h_min": 46.61000061035156}, "BDALTIV2_75M_FXX_0075_6900_MNT_LAMB93_IGN69.bin": {"counter_max": 2, "counter_min": 2, "h_max": 141.39999389648438, "h_min": -14.399999618530273}, "BDALTIV2_75M_FXX_0675_6375_MNT_LAMB93_IGN69.bin": {"counter_max": 2, "counter_min": 1, "h_max": 1562.5, "h_min": 153.39999389648438}, "BDALTIV2_75M_FXX_0750_6300_MNT_LAMB93_IGN69.bin": {"counter_max": 1, "counter_min": 1, "h_max": 654.5999755859375, "h_min": -2.2100000381469727}, "BDALTIV2_75M_FXX_0525_6975_MNT_LAMB93_IGN69.bin": {"counter_max": 2, "counter_min": 2, "h_max": 243.60000610351562, "h_min": -1.5099999904632568}, "BDALTIV2_75M_FXX_1050_6825_MNT_LAMB93_IGN69.bin": {"counter_max": 1, "counter_min": 1, "h_max": 1394.199951171875, "h_min": 146.8800048828125}, "BDALTIV2_75M_FXX_0525_6750_MNT_LAMB93_IGN69.bin": {"counter_max": 1, "counter_min": 2, "h_max": 185.10000610351562, "h_min": 42.540000915527344}, "BDALTIV2_75M_FXX_0600_6675_MNT_LAMB93_IGN69.bin": {"counter_max": 1, "counter_min": 1, "h_max": 411.3999938964844, "h_min": 95.69000244140625}, "BDALTIV2_75M_FXX_0375_6375_MNT_LAMB93_IGN69.bin": {"counter_max": 1, "counter_min": 1, "h_max": 157.8800048828125, "h_min": 3.450000047683716}, "BDALTIV2_75M_FXX_0450_6375_MNT_LAMB93_IGN69.bin": {"counter_max": 1, "counter_min": 2, "h_max": 249.89999389648438, "h_min": 16.920000076293945}, "BDALTIV2_75M_FXX_1125_6225_MNT_LAMB93_IGN69.bin": {"counter_max": 1, "counter_min": 1, "h_max": 2684.72998046875, "h_min": -0.8799999952316284}, "BDALTIV2_75M_FXX_0375_6975_MNT_LAMB93_IGN69.bin": {"counter_max": 1, "counter_min": 1, "h_max": 193.5, "h_min": -4.730000019073486}, "BDALTIV2_75M_FXX_0450_6975_MNT_LAMB93_IGN69.bin": {"counter_max": 1, "counter_min": 1, "h_max": 188.89999389648438, "h_min": -9.520000457763672}, "BDALTIV2_75M_FXX_0375_6750_MNT_LAMB93_IGN69.bin": {"counter_max": 1, "counter_min": 1, "h_max": 217.0, "h_min": -82.5999984741211}, "BDALTIV2_75M_FXX_0450_6750_MNT_LAMB93_IGN69.bin": {"counter_max": 1, "counter_min": 2, "h_max": 175.75999450683594, "h_min": 17.459999084472656}, "BDALTIV2_75M_FXX_0600_6150_MNT_LAMB93_IGN69.bin": {"counter_max": 1, "counter_min": 1, "h_max": 2903.60009765625, "h_min": 289.0}, "BDALTIV2_75M_FXX_0375_6450_MNT_LAMB93_IGN69.bin": {"counter_max": 1, "counter_min": 1, "h_max": 128.55999755859375, "h_min": -9.0},